"","x","freq"
"1","A. J.",14
"2","Aaron",37
"3","Ab",1
"4","Abbie",1
"5","Abe",6
"6","Abel",2
"7","Abie",1
"8","Abner",2
"9","Abraham",3
"10","Ace",4
"11","Ad",5
"12","Adalberto",2
"13","Adam",38
"14","Addie",1
"15","Addison",2
"16","Adeiny",1
"17","Admiral",1
"18","Adolfo",1
"19","Adonis",2
"20","Adrian",12
"21","Adron",1
"22","Agustin",1
"23","Akeel",1
"24","Akinori",2
"25","Al",191
"26","Alamazoo",1
"27","Alan",20
"28","Alay",1
"29","Albert",6
"30","Alberto",9
"31","Albie",2
"32","Alcides",1
"33","Alec",3
"34","Aleck",1
"35","Aledmys",1
"36","Alejandro",5
"37","Alen",1
"38","Alex",82
"39","Alexander",2
"40","Alexei",1
"41","Alexi",3
"42","Alexis",2
"43","Alf",1
"44","Alfonso",2
"45","Alfred",1
"46","Alfredo",6
"47","Algie",1
"48","Ali",1
"49","Allan",8
"50","Allen",11
"51","Allie",5
"52","Allyn",1
"53","Alonzo",2
"54","Alta",1
"55","Alton",1
"56","Alvaro",1
"57","Alvin",3
"58","Amado",1
"59","Amalio",1
"60","Amauri",1
"61","Amaury",2
"62","Ambiorix",1
"63","Ambrose",2
"64","Amby",2
"65","Amos",5
"66","Anastacio",1
"67","Anderson",3
"68","Andre",7
"69","Andrelton",1
"70","Andres",7
"71","Andrew",25
"72","Andruw",1
"73","Andujar",1
"74","Andy",83
"75","Aneury",1
"76","Angel",20
"77","Angelo",3
"78","Anibal",1
"79","Anse",1
"80","Anthony",21
"81","Antoan",1
"82","Anton",1
"83","Antone",1
"84","Antonio",4
"85","Aquilino",1
"86","Aramis",1
"87","Arch",2
"88","Archi",1
"89","Archie",10
"90","Argenis",2
"91","Ariel",3
"92","Arismendy",1
"93","Arky",1
"94","Arlas",1
"95","Arlie",3
"96","Arlo",1
"97","Armando",8
"98","Arndt",1
"99","Arnie",4
"100","Arnold",5
"101","Arodys",1
"102","Aroldis",1
"103","Arquimedes",1
"104","Arquimedez",1
"105","Art",83
"106","Arthur",3
"107","Artie",3
"108","Arturo",2
"109","Asa",2
"110","Asdrubal",1
"111","Asher",1
"112","Ashur",1
"113","Astyanax",1
"114","Atahualpa",1
"115","Atlee",1
"116","Atley",1
"117","Aubrey",3
"118","Audry",1
"119","Augie",7
"120","Aurelio",3
"121","Austin",10
"122","Avisail",1
"123","Axel",1
"124","B. J.",4
"125","Babe",17
"126","Baby",1
"127","Baby Doll",1
"128","Bake",1
"129","Baldy",1
"130","Balor",1
"131","Balvino",1
"132","Bama",1
"133","Ban",1
"134","Barbaro",2
"135","Barney",16
"136","Barret",1
"137","Barry",18
"138","Bart",6
"139","Bartolo",1
"140","Bartolome",1
"141","Beals",1
"142","Beany",1
"143","Beau",2
"144","Beauty",1
"145","Beiker",1
"146","Belden",1
"147","Beltran",1
"148","Belve",1
"149","Ben",64
"150","Bengie",1
"151","Benito",2
"152","Benj",1
"153","Benji",1
"154","Benn",1
"155","Bennie",3
"156","Benny",12
"157","Bernard",1
"158","Bernardo",1
"159","Bernie",18
"160","Bert",43
"161","Beryl",1
"162","Bevo",1
"163","Bibb",1
"164","Bid",1
"165","Biddy",1
"166","Bien",1
"167","Biff",5
"168","Big Jeff",1
"169","Biggs",1
"170","Bill",549
"171","Billy",119
"172","Billy Jo",1
"173","Bing",1
"174","Binky",1
"175","Bip",1
"176","Birdie",2
"177","Bitsy",1
"178","Biz",1
"179","Blackie",2
"180","Blaine",5
"181","Blaise",1
"182","Blake",13
"183","Blas",2
"184","Blix",1
"185","Blondie",1
"186","Blondy",1
"187","Blue Moon",1
"188","Bo",7
"189","Boardwalk",1
"190","Bob",341
"191","Bobby",108
"192","Bobo",3
"193","Bock",1
"194","Boileryard",1
"195","Bombo",1
"196","Bones",1
"197","Bonnie",1
"198","Boob",1
"199","Boof",1
"200","Boog",1
"201","Boom-Boom",1
"202","Boone",1
"203","Boots",2
"204","Boss",1
"205","Bots",1
"206","Bowie",1
"207","Boyd",2
"208","Boze",1
"209","Brad",48
"210","Braden",2
"211","Bradin",1
"212","Brady",4
"213","Braggo",1
"214","Branch",1
"215","Branden",1
"216","Brandon",45
"217","Brandy",1
"218","Brant",2
"219","Braulio",1
"220","Brayan",2
"221","Brendan",3
"222","Brennan",1
"223","Brent",17
"224","Bret",5
"225","Brett",24
"226","Brian",112
"227","Brick",1
"228","Brickyard",1
"229","Bris",1
"230","Britt",2
"231","Broadway",1
"232","Brock",5
"233","Broderick",1
"234","Bronson",3
"235","Bronswell",1
"236","Brook",2
"237","Brooks",7
"238","Brownie",1
"239","Bruce",41
"240","Bruno",3
"241","Bry",1
"242","Bryan",24
"243","Bryce",3
"244","Bryn",1
"245","Bub",2
"246","Bubba",8
"247","Bubber",1
"248","Bubbles",1
"249","Buck",33
"250","Buckshot",1
"251","Bucky",8
"252","Bud",34
"253","Buddy",30
"254","Bug",1
"255","Bugs",3
"256","Bull",3
"257","Bullet",1
"258","Bullet Joe",1
"259","Bump",2
"260","Bumpus",1
"261","Bun",1
"262","Bunk",1
"263","Bunky",1
"264","Bunny",7
"265","Burch",1
"266","Burgess",1
"267","Burke",1
"268","Burleigh",1
"269","Burley",1
"270","Burt",3
"271","Buster",11
"272","Butch",16
"273","Buttercup",1
"274","Buttons",1
"275","Butts",1
"276","Buz",1
"277","Buzz",8
"278","Buzzy",1
"279","By",1
"280","Byrd",1
"281","Byron",6
"282","Byung Ho",1
"283","Byung-Hyun",1
"284","C. B.",1
"285","C. C.",1
"286","C. J.",5
"287","C. V.",1
"288","CC",1
"289","Cactus",1
"290","Cad",1
"291","Cal",19
"292","Caleb",4
"293","Callix",1
"294","Calvin",6
"295","Cam",2
"296","Cameron",4
"297","Camilo",1
"298","Camp",1
"299","Candy",6
"300","Cap",4
"301","Cardell",1
"302","Carden",1
"303","Carey",1
"304","Carl",50
"305","Carlisle",1
"306","Carlos",70
"307","Carlton",4
"308","Carmelo",2
"309","Carmen",5
"310","Carney",2
"311","Carr",1
"312","Carroll",3
"313","Carson",5
"314","Carter",2
"315","Casey",18
"316","Casper",2
"317","Cass",1
"318","Catfish",1
"319","Cecil",11
"320","Cecilio",1
"321","Ced",1
"322","Cedric",2
"323","Cedrick",1
"324","Celerino",1
"325","Cesar",15
"326","Cha-Seung",1
"327","Chad",35
"328","Champ",2
"329","Chan",1
"330","Chan Ho",1
"331","Chance",2
"332","Chang-Yong",1
"333","Chappie",3
"334","Chappy",2
"335","Charles",16
"336","Charley",9
"337","Charlie",241
"338","Charlton",1
"339","Chase",6
"340","Chasen",1
"341","Chauncey",2
"342","Chaz",1
"343","Che-Hsuan",1
"344","Cherokee",1
"345","Ches",1
"346","Cheslor",1
"347","Chester",1
"348","Chet",17
"349","Chi Chi",1
"350","Chi-Chi",1
"351","Chia-Jen",1
"352","Chick",28
"353","Chicken",2
"354","Chico",10
"355","Chief",11
"356","Chien-Ming",1
"357","Chile",1
"358","Chili",1
"359","Chin-Feng",1
"360","Chin-hui",1
"361","Chin-lung",1
"362","Chink",4
"363","Chip",5
"364","Chipper",1
"365","Chippy",2
"366","Chito",1
"367","Cholly",1
"368","Chone",1
"369","Choo",1
"370","Choo-Choo",1
"371","Chris",162
"372","Christian",9
"373","Christy",1
"374","Chub",3
"375","Chubby",2
"376","Chucho",1
"377","Chuck",60
"378","Chummy",1
"379","Cinders",1
"380","Cisco",1
"381","Cito",1
"382","Cla",1
"383","Clancy",1
"384","Claral",1
"385","Clare",1
"386","Clarence",21
"387","Clark",1
"388","Claud",1
"389","Claude",19
"390","Claudell",1
"391","Claudio",1
"392","Clay",19
"393","Clayton",5
"394","Cleatus",1
"395","Clem",6
"396","Clemente",1
"397","Cleo",2
"398","Cleon",1
"399","Clete",2
"400","Cliff",30
"401","Clint",14
"402","Clipper",1
"403","Clise",1
"404","Cloy",1
"405","Cloyd",1
"406","Clyde",17
"407","Coaker",1
"408","Cobe",1
"409","Coco",2
"410","Cody",14
"411","Colby",3
"412","Cole",7
"413","Colin",6
"414","Collin",3
"415","Colonel",1
"416","Colt",2
"417","Colter",1
"418","Colton",1
"419","Con",5
"420","Connie",9
"421","Connor",1
"422","Conny",1
"423","Conor",3
"424","Conrad",1
"425","Cookie",3
"426","Cool Papa",1
"427","Cooney",1
"428","Coonie",1
"429","Coot",1
"430","Corban",1
"431","Cord",1
"432","Corey",10
"433","Corky",3
"434","Cory",14
"435","Costen",1
"436","Cot",1
"437","Cotton",5
"438","Count",3
"439","Courtney",1
"440","Cowboy",1
"441","Cozy",2
"442","Craig",38
"443","Crash",1
"444","Crazy",1
"445","Creepy",1
"446","Creighton",1
"447","Crese",1
"448","Cris",2
"449","Cristhian",2
"450","Cristian",1
"451","Cristobal",1
"452","Cub",1
"453","Cuckoo",1
"454","Cuddles",1
"455","Cuke",1
"456","Culley",1
"457","Cum",1
"458","Cuno",1
"459","Cupid",1
"460","Curly",2
"461","Curry",1
"462","Curt",24
"463","Curtis",7
"464","Cy",28
"465","Cyclone",2
"466","D'Angelo",1
"467","D. J.",4
"468","D. T.",1
"469","DJ",1
"470","DaRond",1
"471","Dad",6
"472","Dae-Sung",1
"473","Dae-ho",1
"474","Daff",1
"475","Dain",1
"476","Daisuke",1
"477","Daisy",1
"478","Dal",1
"479","Dale",18
"480","Dalier",1
"481","Dallas",7
"482","Dalton",2
"483","Damaso",3
"484","Damian",4
"485","Damien",1
"486","Damion",1
"487","Damon",5
"488","Dan",110
"489","Dana",5
"490","Dane",4
"491","Daniel",26
"492","Dann",2
"493","Danny",74
"494","Dansby",1
"495","Dante",2
"496","Danys",1
"497","Dar",1
"498","Darby",1
"499","Darcy",1
"500","Daren",1
"501","Daric",1
"502","Dariel",1
"503","Darin",4
"504","Dario",3
"505","Darnell",3
"506","Darold",1
"507","Darrel",2
"508","Darrell",15
"509","Darren",11
"510","Darrin",4
"511","Darron",1
"512","Darryl",7
"513","Darwin",2
"514","Daryl",7
"515","Daryle",1
"516","Dasher",1
"517","Dave",212
"518","Davey",6
"519","David",59
"520","Davis",1
"521","Davy",2
"522","Dax",1
"523","Dayan",2
"524","Dazzy",1
"525","DeWayne",2
"526","Deacon",7
"527","Dean",10
"528","Debs",1
"529","Dee",9
"530","Deion",1
"531","Deivi",1
"532","Deke",1
"533","Del",16
"534","Delino",2
"535","Dell",2
"536","Dellin",1
"537","Delmon",1
"538","Delos",2
"539","Delvin",1
"540","Delwyn",1
"541","Denard",1
"542","Denis",3
"543","Denney",1
"544","Dennis",35
"545","Denny",22
"546","Dennys",1
"547","Denver",1
"548","Deolis",1
"549","Derek",15
"550","Dernell",1
"551","Deron",1
"552","Derrek",1
"553","Derrel",1
"554","Derrell",1
"555","Derrick",5
"556","Derrin",1
"557","Desi",2
"558","Desmond",2
"559","Destin",1
"560","Deunte",1
"561","Deven",1
"562","Devern",1
"563","Devin",1
"564","Devon",3
"565","Dewayne",1
"566","Dewey",5
"567","Dewon",2
"568","Dexter",1
"569","Dib",1
"570","Dick",156
"571","Dickey",2
"572","Dickie",3
"573","Dicky",1
"574","Didi",1
"575","Diego",2
"576","Dike",1
"577","Dillon",2
"578","Dilson",2
"579","Dink",1
"580","Dinny",1
"581","Dino",2
"582","Dinty",1
"583","Diomedes",1
"584","Dion",1
"585","Dioner",1
"586","Diory",1
"587","Dirk",1
"588","Dixie",11
"589","Dixon",1
"590","Dizzy",4
"591","Dmitri",1
"592","Doc",53
"593","Dock",1
"594","Dode",2
"595","Doe",1
"596","Doggie",1
"597","Dolan",1
"598","Dolf",1
"599","Dolly",2
"600","Dolph",1
"601","Dom",3
"602","Domingo",6
"603","Dominic",2
"604","Domonic",1
"605","Don",132
"606","Donald",2
"607","Donaldo",1
"608","Donell",1
"609","Donie",1
"610","Donn",3
"611","Donne",1
"612","Donnie",9
"613","Donny",1
"614","Donovan",3
"615","Dontrelle",1
"616","Donzell",1
"617","Dooley",1
"618","Dorn",1
"619","Dorsey",1
"620","Dory",1
"621","Dot",1
"622","Dots",1
"623","Doug",60
"624","Doyle",2
"625","Doyt",1
"626","Drake",1
"627","Drew",18
"628","Drummond",1
"629","Drungo",1
"630","Duane",10
"631","Duaner",1
"632","Ducky",5
"633","Dud",2
"634","Dude",1
"635","Duff",2
"636","Duffy",2
"637","Duke",15
"638","Dummy",7
"639","Dupee",1
"640","Dustan",1
"641","Duster",1
"642","Dustin",10
"643","Dusty",12
"644","Dutch",31
"645","Dwain",1
"646","Dwayne",3
"647","Dwight",9
"648","Dyar",1
"649","Dykes",1
"650","Dylan",3
"651","Earl",45
"652","Earle",5
"653","Early",1
"654","Ebba",1
"655","Ed",279
"656","Edd",1
"657","Eddie",104
"658","Eddy",4
"659","Edgar",13
"660","Edgard",1
"661","Edgardo",1
"662","Edgmer",1
"663","Edinson",1
"664","Eduardo",7
"665","Edubray",1
"666","Edwar",2
"667","Edward",4
"668","Edwards",1
"669","Edwin",11
"670","Effa",1
"671","Effie",1
"672","Efrain",1
"673","Efren",1
"674","Egyptian",1
"675","Ehire",1
"676","Ehren",1
"677","Eider",1
"678","Einar",1
"679","El",1
"680","Elam",1
"681","Elbert",1
"682","Elbie",1
"683","Elden",1
"684","Elder",1
"685","Eli",5
"686","Elian",1
"687","Elias",3
"688","Eliezer",1
"689","Elih",1
"690","Elijah",2
"691","Elio",1
"692","Elizardo",1
"693","Ellie",1
"694","Elliot",2
"695","Elliott",1
"696","Ellis",6
"697","Elmer",35
"698","Elmo",1
"699","Elrod",1
"700","Elston",1
"701","Elvin",1
"702","Elvio",1
"703","Elvis",3
"704","Em",1
"705","Emerson",1
"706","Emil",15
"707","Emiliano",1
"708","Emilio",2
"709","Emmanuel",1
"710","Emmet",2
"711","Emmett",5
"712","Ender",1
"713","Endy",1
"714","Enerio",1
"715","Engel",1
"716","Enny",1
"717","Enos",3
"718","Enrique",7
"719","Ensign",1
"720","Enzo",1
"721","Epp",1
"722","Eppa",1
"723","Eppie",1
"724","Erasmo",2
"725","Eric",62
"726","Erick",3
"727","Erik",17
"728","Erisbel",1
"729","Ernest",1
"730","Ernesto",1
"731","Ernie",50
"732","Erskine",2
"733","Erubiel",1
"734","Erv",5
"735","Erve",1
"736","Ervin",1
"737","Erwin",1
"738","Esix",1
"739","Esmailin",1
"740","Esmerling",1
"741","Esmil",1
"742","Esteban",4
"743","Estel",1
"744","Esty",1
"745","Ethan",3
"746","Eude",1
"747","Euel",1
"748","Eugenio",2
"749","Eury",2
"750","Eusebio",1
"751","Evan",8
"752","Evans",1
"753","Evar",1
"754","Evelio",1
"755","Ever",1
"756","Everett",6
"757","Everth",1
"758","Ewald",1
"759","Ewell",1
"760","Ezequiel",2
"761","Ezra",3
"762","F. P.",1
"763","Fabian",2
"764","Fabio",1
"765","Fancy",1
"766","Farmer",5
"767","Fats",1
"768","Fatty",1
"769","Fausto",1
"770","Fautino",1
"771","Favel",1
"772","Fay",1
"773","Faye",1
"774","Felipe",7
"775","Felix",18
"776","Fenton",1
"777","Ferd",1
"778","Ferdie",2
"779","Fergie",1
"780","Fergy",1
"781","Fern",1
"782","Fernando",19
"783","Ferrell",1
"784","Ferris",1
"785","Fielder",1
"786","Fin",1
"787","Finners",1
"788","Firpo",1
"789","Flame",1
"790","Flea",1
"791","Fleet",1
"792","Fletcher",1
"793","Fleury",1
"794","Flint",1
"795","Flip",1
"796","Floyd",14
"797","Foghorn",1
"798","Footer",1
"799","Footsie",1
"800","Ford",2
"801","Forrest",3
"802","Foster",2
"803","Fraley",1
"804","Fran",2
"805","Francis",2
"806","Francisco",18
"807","Francisley",1
"808","Frank",276
"809","Frankie",12
"810","Franklin",4
"811","Franklyn",1
"812","Franquelis",1
"813","Fred",165
"814","Freddie",13
"815","Freddy",13
"816","Frederick",3
"817","Fredi",1
"818","Freeman",1
"819","Frenchy",2
"820","Fresco",1
"821","Fritz",15
"822","Fritzie",1
"823","Frosty",1
"824","Fu-Te",1
"825","Fuller",1
"826","Fuzz",1
"827","Gabby",2
"828","Gabe",7
"829","Gabriel",1
"830","Gaby",1
"831","Gail",3
"832","Gair",1
"833","Gale",2
"834","Galen",1
"835","Gar",1
"836","Garey",1
"837","Garin",1
"838","Garland",5
"839","Garret",1
"840","Garrett",6
"841","Garry",6
"842","Garth",2
"843","Garton",1
"844","Garvin",2
"845","Gary",73
"846","Gat",1
"847","Gates",1
"848","Gavin",2
"849","Gavvy",1
"850","Gaylen",1
"851","Gaylord",1
"852","Gee",1
"853","Gene",82
"854","General",2
"855","Geno",2
"856","Geoff",5
"857","George",305
"858","Georges",1
"859","Geovany",1
"860","Gerald",5
"861","Geraldo",1
"862","Gerardo",2
"863","Geremi",1
"864","German",6
"865","Germany",2
"866","Geronimo",3
"867","Gerrit",1
"868","Gerry",8
"869","Giancarlo",1
"870","Gibby",1
"871","Gibson",1
"872","Gid",1
"873","Gil",20
"874","Gilly",1
"875","Ginger",3
"876","Gino",2
"877","Gio",1
"878","Giomar",1
"879","Giovanni",2
"880","Giovanny",1
"881","Glen",8
"882","Glenallen",1
"883","Glendon",1
"884","Glenn",30
"885","Goat",2
"886","Goldie",1
"887","Gomer",1
"888","Gonzalez",1
"889","Gonzalo",1
"890","Goody",1
"891","Goose",1
"892","Gordie",6
"893","Gordon",11
"894","Gordy",2
"895","Gorkys",1
"896","Gorman",2
"897","Gowell",1
"898","Gracie",1
"899","Grady",5
"900","Graeme",1
"901","Graham",3
"902","Graig",1
"903","Granny",1
"904","Grant",10
"905","Greasy",1
"906","Greek",1
"907","Greg",70
"908","Gregg",3
"909","Gregor",1
"910","Gregorio",1
"911","Gregory",1
"912","Grey",1
"913","Grover",6
"914","Guerdon",1
"915","Guido",2
"916","Guilder",1
"917","Guillermo",7
"918","Gus",34
"919","Gussie",1
"920","Gustavo",2
"921","Guy",14
"922","Hack",7
"923","Haddie",1
"924","Hal",70
"925","Ham",6
"926","Hank",59
"927","Hanley",2
"928","Hans",2
"929","Hansel",2
"930","Hanser",1
"931","Hanson",1
"932","Hap",4
"933","Happy",7
"934","Hardie",1
"935","Hardin",2
"936","Hardy",2
"937","Harl",2
"938","Harlan",1
"939","Harland",1
"940","Harley",6
"941","Harlin",1
"942","Harlond",1
"943","Harmon",1
"944","Harold",2
"945","Harrison",1
"946","Harry",178
"947","Harvey",18
"948","Hawk",1
"949","Hayden",1
"950","Haywood",1
"951","Heath",5
"952","Heathcliff",1
"953","Hector",25
"954","Hee-Seop",1
"955","Heinie",22
"956","Heinz",1
"957","Henderson",1
"958","Henri",1
"959","Henry",56
"960","Hensley",1
"961","Herb",27
"962","Herbert",3
"963","Herbie",1
"964","Hercules",1
"965","Herm",8
"966","Herman",13
"967","Hernan",2
"968","Herold",1
"969","Herschel",1
"970","Hersh",3
"971","Hervey",1
"972","Hezekiah",1
"973","Hi",8
"974","Hick",2
"975","Hideki",3
"976","Hideo",1
"977","High Pockets",1
"978","Highball",1
"979","Hiker",1
"980","Hillis",1
"981","Hilly",2
"982","Hilton",1
"983","Hinkey",1
"984","Hipolito",2
"985","Hippo",1
"986","Hiram",2
"987","Hiroki",1
"988","Hisanori",1
"989","Hisashi",1
"990","Hob",1
"991","Hobe",1
"992","Hobie",1
"993","Hod",6
"994","Hoge",1
"995","Holly",1
"996","Home Run",1
"997","Homer",11
"998","Honey",1
"999","Honus",1
"1000","Hooks",5
"1001","Hoot",1
"1002","Horace",7
"1003","Horacio",3
"1004","Horatio",1
"1005","Hosea",1
"1006","Hosken",1
"1007","Houston",1
"1008","Howard",19
"1009","Howdy",2
"1010","Howie",24
"1011","Hoyt",1
"1012","Hub",9
"1013","Hubie",1
"1014","Huck",4
"1015","Hugh",22
"1016","Hughie",6
"1017","Hugo",2
"1018","Humberto",4
"1019","Hung-Chih",1
"1020","Hunkey",1
"1021","Hunky",1
"1022","Hunter",8
"1023","Huston",1
"1024","Huyler",1
"1025","Hy",3
"1026","Hyun Soo",1
"1027","Hyun-Jin",1
"1028","Ian",7
"1029","Ice Box",1
"1030","Icehouse",1
"1031","Ichiro",1
"1032","Icicle",1
"1033","Ike",22
"1034","Ira",6
"1035","Irish",2
"1036","Iron",1
"1037","Irv",12
"1038","Irving",1
"1039","Isidro",1
"1040","Ismael",2
"1041","Israel",3
"1042","Italo",1
"1043","Ival",1
"1044","Ivan",10
"1045","Ivanon",1
"1046","Ivey",2
"1047","Ivy",3
"1048","Izzy",4
"1049","J C",1
"1050","J. A.",1
"1051","J. B.",3
"1052","J. C.",5
"1053","J. D.",5
"1054","J. J.",7
"1055","J. L.",1
"1056","J. P.",2
"1057","J. R.",6
"1058","J. T.",4
"1059","JD",1
"1060","JaCoby",1
"1061","Jabari",1
"1062","Jace",1
"1063","Jack",256
"1064","Jacke",1
"1065","Jackie",18
"1066","Jackson",2
"1067","Jacob",10
"1068","Jacoby",1
"1069","Jacque",1
"1070","Jae Kuk",1
"1071","Jae Weong",1
"1072","Jaff",1
"1073","Jai",1
"1074","Jailen",1
"1075","Jaime",6
"1076","Jair",1
"1077","Jairo",2
"1078","Jake",69
"1079","Jakie",1
"1080","Jalal",1
"1081","Jamal",1
"1082","James",29
"1083","Jameson",1
"1084","Jamey",2
"1085","Jamie",15
"1086","Jan",1
"1087","Jandel",1
"1088","Jap",1
"1089","Jared",6
"1090","Jaret",1
"1091","Jarred",1
"1092","Jarrett",3
"1093","Jarrod",5
"1094","Jarvis",2
"1095","Jason",87
"1096","Javier",7
"1097","Javy",2
"1098","Jay",41
"1099","Jaye",1
"1100","Jayhawk",1
"1101","Jayson",4
"1102","Jean",3
"1103","Jean-Pierre",1
"1104","Jeanmar",1
"1105","Jed",3
"1106","Jedd",1
"1107","Jeff",152
"1108","Jeffrey",2
"1109","Jefry",1
"1110","Jeimer",1
"1111","Jemile",1
"1112","Jennings",1
"1113","Jenrry",1
"1114","Jensen",1
"1115","Jeoff",1
"1116","Jerad",2
"1117","Jerald",1
"1118","Jered",1
"1119","Jeremiah",1
"1120","Jeremy",20
"1121","Jeriome",1
"1122","Jermaine",5
"1123","Jerome",2
"1124","Jeromy",1
"1125","Jerrod",1
"1126","Jerry",93
"1127","Jerry Don",1
"1128","Jersey",1
"1129","Jess",7
"1130","Jesse",34
"1131","Jessie",2
"1132","Jesus",16
"1133","Jett",1
"1134","Jeurys",1
"1135","Jewel",1
"1136","Jhan",1
"1137","Jharel",1
"1138","Jhonatan",1
"1139","Jhonny",2
"1140","Jhoulys",1
"1141","Ji-Man",1
"1142","Jigger",1
"1143","Jiggs",3
"1144","Jim",442
"1145","Jim Ray",1
"1146","Jimmie",10
"1147","Jimmy",74
"1148","Jimy",1
"1149","Jin Ho",1
"1150","Jing",1
"1151","Jo-Jo",4
"1152","Joakim",1
"1153","Joaquin",3
"1154","Joba",1
"1155","Joc",1
"1156","Jock",2
"1157","Jocko",7
"1158","Jodie",1
"1159","Jody",3
"1160","Joe",399
"1161","Joel",17
"1162","Joely",1
"1163","Joey",18
"1164","Johan",1
"1165","John",487
"1166","John Henry",1
"1167","John-Ford",1
"1168","Johnnie",7
"1169","Johnny",131
"1170","Johnson",1
"1171","Jolbert",1
"1172","Jon",25
"1173","Jonah",2
"1174","Jonathan",15
"1175","Jonathon",1
"1176","Jonny",2
"1177","Jophery",1
"1178","Jordan",13
"1179","Jordany",1
"1180","Jordy",1
"1181","Jorge",25
"1182","Jose",119
"1183","Joseph",6
"1184","Josh",67
"1185","Josias",1
"1186","Josmil",1
"1187","Jot",1
"1188","Jouett",1
"1189","Juan",54
"1190","Juan Carlos",1
"1191","Jud",5
"1192","Judge",3
"1193","Judy",1
"1194","Jug",1
"1195","Jul",1
"1196","Jule",1
"1197","Julian",2
"1198","Julie",2
"1199","Julio",25
"1200","Julius",2
"1201","Jumbo",8
"1202","June",1
"1203","Jung",1
"1204","Jung Ho",1
"1205","Junichi",1
"1206","Junie",1
"1207","Juniel",1
"1208","Junior",11
"1209","Jurickson",1
"1210","Justin",38
"1211","Kaiser",1
"1212","Kal",2
"1213","Kaleb",1
"1214","Kam",1
"1215","Kameron",1
"1216","Kane",1
"1217","Kanekoa",1
"1218","Karim",1
"1219","Karl",12
"1220","Kason",1
"1221","Katsy",1
"1222","Kazuhiro",1
"1223","Kazuhisa",1
"1224","Kazuhito",1
"1225","Kazuo",2
"1226","Keefe",1
"1227","Kei",1
"1228","Keiichi",1
"1229","Keith",33
"1230","Kelby",1
"1231","Kelly",10
"1232","Kelvim",1
"1233","Kelvin",6
"1234","Kemp",1
"1235","Ken",94
"1236","Kendall",1
"1237","Kendry",1
"1238","Kendrys",1
"1239","Kenesaw",1
"1240","Kenji",1
"1241","Kenley",1
"1242","Kennie",1
"1243","Kenny",7
"1244","Kennys",1
"1245","Kenshin",1
"1246","Kensuke",1
"1247","Kent",8
"1248","Kenta",1
"1249","Keon",1
"1250","Keone",1
"1251","Kerby",1
"1252","Kermit",1
"1253","Kerry",7
"1254","Kerwin",1
"1255","Ketel",1
"1256","Kettle",1
"1257","Kevan",1
"1258","Kevin",100
"1259","Kewpie",1
"1260","Keyvius",1
"1261","Khalil",1
"1262","Khris",1
"1263","Kick",1
"1264","Kid",17
"1265","Kiddo",1
"1266","Kiki",1
"1267","Kiko",2
"1268","Kila",1
"1269","Kim",4
"1270","Kimera",1
"1271","King",6
"1272","Kip",4
"1273","Kirby",4
"1274","Kirk",7
"1275","Kirt",2
"1276","Kirtley",1
"1277","Kit",3
"1278","Kite",1
"1279","Kitty",2
"1280","Klondike",2
"1281","Koda",1
"1282","Kohly",1
"1283","Koji",1
"1284","Kole",1
"1285","Kolten",1
"1286","Konrad",1
"1287","Kory",2
"1288","Kosuke",1
"1289","Koyie",1
"1290","Kris",7
"1291","Kristopher",1
"1292","Kurt",11
"1293","Kyle",29
"1294","Kyuji",1
"1295","L. J.",1
"1296","La Schelle",1
"1297","LaMarr",1
"1298","LaRue",2
"1299","LaTroy",1
"1300","LaVel",1
"1301","Laddie",1
"1302","Lady",1
"1303","Lafayette",2
"1304","Lamar",1
"1305","Lance",19
"1306","Landon",1
"1307","Lane",1
"1308","Lariel",1
"1309","Larry",106
"1310","Lars",1
"1311","Larvell",1
"1312","Lary",1
"1313","Lastings",1
"1314","Laurie",1
"1315","Laurin",1
"1316","Lave",2
"1317","Law",1
"1318","Lawrence",1
"1319","Laynce",1
"1320","Layne",1
"1321","LeGrant",1
"1322","Ledell",1
"1323","Lee",49
"1324","Leech",1
"1325","Lefty",42
"1326","Lem",2
"1327","Lemmie",1
"1328","Len",21
"1329","Lena",2
"1330","Lendy",1
"1331","Lenn",1
"1332","Lennie",1
"1333","Lenny",8
"1334","Leo",30
"1335","Leon",15
"1336","Leonel",1
"1337","Leonidas",1
"1338","Leonys",1
"1339","Lep",1
"1340","Leron",1
"1341","Leroy",3
"1342","Lerrin",1
"1343","Lerton",1
"1344","Les",35
"1345","Leslie",1
"1346","Lester",2
"1347","Leury",1
"1348","Lev",1
"1349","Levale",1
"1350","Levi",1
"1351","Levin",1
"1352","Lew",25
"1353","Lewis",1
"1354","Leyson",1
"1355","Liam",1
"1356","Libe",1
"1357","Lil",1
"1358","Limb",1
"1359","Lin",1
"1360","Linc",1
"1361","Lindsay",2
"1362","Lindy",1
"1363","Link",1
"1364","Lino",2
"1365","Lip",1
"1366","Lisalverto",1
"1367","Liu",1
"1368","Livan",1
"1369","Live Oak",1
"1370","Liz",1
"1371","Lloyd",12
"1372","Logan",10
"1373","Lon",4
"1374","Lonnie",3
"1375","Lonny",1
"1376","Loren",2
"1377","Lorenzo",3
"1378","Lou",73
"1379","Louie",2
"1380","Louis",7
"1381","Lowell",1
"1382","Loy",1
"1383","Loyd",2
"1384","Lu",1
"1385","Lucas",6
"1386","Lucky",1
"1387","Luis",77
"1388","Luke",25
"1389","Lum",2
"1390","Lute",1
"1391","Luther",4
"1392","Lyle",5
"1393","Lyman",4
"1394","Lyn",1
"1395","Lynn",7
"1396","Mac",4
"1397","Macay",1
"1398","Mace",1
"1399","Mack",6
"1400","Mackey",1
"1401","Madison",2
"1402","Magglio",1
"1403","Mahlon",1
"1404","Maicer",1
"1405","Maikel",2
"1406","Mal",3
"1407","Malachi",1
"1408","Malcolm",1
"1409","Mallex",1
"1410","Mandy",2
"1411","Manny",23
"1412","Manuel",4
"1413","Marc",13
"1414","Marcel",1
"1415","Marcelino",2
"1416","Marcell",1
"1417","Marco",4
"1418","Marcos",3
"1419","Marcus",11
"1420","Mardie",1
"1421","Mariano",2
"1422","Marino",3
"1423","Mario",10
"1424","Marion",1
"1425","Marius",1
"1426","Mark",123
"1427","Marlan",1
"1428","Marlin",1
"1429","Marlon",2
"1430","Marquis",1
"1431","Marr",1
"1432","Marsh",1
"1433","Marshall",9
"1434","Mart",1
"1435","Martin",10
"1436","Marty",39
"1437","Marv",17
"1438","Marvell",1
"1439","Marvin",3
"1440","Marwin",1
"1441","Masahide",1
"1442","Masahiro",1
"1443","Masanori",1
"1444","Masao",1
"1445","Masato",1
"1446","Mase",1
"1447","Mason",2
"1448","Masumi",1
"1449","Mat",2
"1450","Matias",1
"1451","Matt",129
"1452","Matthew",5
"1453","Matty",3
"1454","Maurice",3
"1455","Mauricio",2
"1456","Mauro",3
"1457","Maury",5
"1458","Max",23
"1459","Mayckol",1
"1460","Mayo",1
"1461","Mays",1
"1462","McKay",1
"1463","Medric",1
"1464","Mel",26
"1465","Melido",1
"1466","Melky",2
"1467","Mellie",1
"1468","Melvin",7
"1469","Mem",1
"1470","Memo",1
"1471","Mendy",1
"1472","Merito",1
"1473","Merkin",1
"1474","Merl",1
"1475","Merle",1
"1476","Merlin",2
"1477","Merritt",1
"1478","Mert",1
"1479","Merv",3
"1480","Merwin",1
"1481","Miah",1
"1482","Micah",5
"1483","Michael",41
"1484","Micheal",1
"1485","Michel",1
"1486","Mick",1
"1487","Mickey",40
"1488","Midre",1
"1489","Migel",1
"1490","Miguel",23
"1491","Mike",437
"1492","Mikie",1
"1493","Miles",1
"1494","Miller",1
"1495","Milo",4
"1496","Milt",25
"1497","Milton",1
"1498","Minnie",3
"1499","Mitch",13
"1500","Mitchell",2
"1501","Mo",2
"1502","Moe",7
"1503","Moises",2
"1504","Molly",2
"1505","Monk",3
"1506","Monroe",1
"1507","Monte",7
"1508","Monty",7
"1509","Mookie",2
"1510","Moon",1
"1511","Moonlight",1
"1512","Moose",8
"1513","Mordecai",2
"1514","Morgan",4
"1515","Morrie",7
"1516","Morris",2
"1517","Mort",3
"1518","Mortimer",1
"1519","Mose",2
"1520","Mother",1
"1521","Mox",1
"1522","Moxie",4
"1523","Mudcat",1
"1524","Muddy",1
"1525","Mul",1
"1526","Mule",4
"1527","Munenori",1
"1528","Murphy",1
"1529","Murray",1
"1530","Murry",1
"1531","Mutt",2
"1532","Mutz",1
"1533","Mychal",1
"1534","Myles",1
"1535","Myril",1
"1536","Myrl",1
"1537","Myron",2
"1538","Mysterious",1
"1539","Nanny",1
"1540","Nap",5
"1541","Napoleon",1
"1542","Narciso",1
"1543","Nardi",1
"1544","Nat",3
"1545","Nate",21
"1546","Nathan",3
"1547","Neal",9
"1548","Nealy",1
"1549","Neb",1
"1550","Ned",12
"1551","Nefi",1
"1552","Neftali",2
"1553","Neifi",1
"1554","Neil",10
"1555","Neill",1
"1556","Nellie",3
"1557","Nels",1
"1558","Nelson",12
"1559","Nemo",2
"1560","Nerio",1
"1561","Nestor",2
"1562","Nevin",1
"1563","Newt",4
"1564","Nick",55
"1565","Nig",5
"1566","Nigel",1
"1567","Nikco",1
"1568","Niles",1
"1569","Nin",1
"1570","Nino",3
"1571","Nippy",1
"1572","Niuman",1
"1573","Noah",2
"1574","Noe",2
"1575","Nolan",3
"1576","Nolen",1
"1577","Nomar",2
"1578","Noodles",1
"1579","Nook",1
"1580","Norberto",1
"1581","Nori",1
"1582","Norihiro",1
"1583","Norm",20
"1584","Norman",2
"1585","Normie",1
"1586","Norris",1
"1587","Norwood",1
"1588","Nub",1
"1589","Nyjer",1
"1590","Nyls",1
"1591","Oad",1
"1592","Octavio",1
"1593","Odalis",1
"1594","Oddibe",1
"1595","Odell",2
"1596","Odie",2
"1597","Odrisamer",1
"1598","Odubel",1
"1599","Ody",1
"1600","Offa",1
"1601","Oil Can",1
"1602","Olaf",1
"1603","Old Hoss",1
"1604","Ole",1
"1605","Oliver",4
"1606","Ollie",16
"1607","Olmedo",1
"1608","Omar",8
"1609","Omir",1
"1610","Ona",1
"1611","Onan",1
"1612","Onelki",1
"1613","Onix",1
"1614","Oral",1
"1615","Orator",1
"1616","Orber",1
"1617","Orel",1
"1618","Oreste",1
"1619","Orestes",1
"1620","Orie",2
"1621","Oris",1
"1622","Orlando",17
"1623","Orlie",1
"1624","Orlin",1
"1625","Ormond",1
"1626","Orson",1
"1627","Orth",1
"1628","Orval",2
"1629","Orville",2
"1630","Oscar",32
"1631","Osiris",1
"1632","Ossee",1
"1633","Ossie",7
"1634","Osvaldo",2
"1635","Oswaldo",4
"1636","Otey",1
"1637","Otho",1
"1638","Otis",10
"1639","Otto",15
"1640","Overton",1
"1641","Ovid",1
"1642","Owen",5
"1643","Ownie",1
"1644","Ox",2
"1645","Oyster",1
"1646","Ozzie",8
"1647","P.",1
"1648","P. J.",2
"1649","Pablo",4
"1650","Packy",2
"1651","Paco",1
"1652","Paddy",9
"1653","Palmer",1
"1654","Pancho",1
"1655","Pants",1
"1656","Papa",1
"1657","Park",1
"1658","Parke",1
"1659","Parker",1
"1660","Parson",2
"1661","Pascual",2
"1662","Pasqual",1
"1663","Pat",114
"1664","Patrick",7
"1665","Patsy",7
"1666","Paul",120
"1667","Paulo",1
"1668","Paxton",1
"1669","Pea Ridge",1
"1670","Peaches",3
"1671","Peanuts",1
"1672","Pearce",1
"1673","Pedro",30
"1674","Pee Wee",1
"1675","Pee-Wee",1
"1676","Peek-A-Boo",1
"1677","Pelham",1
"1678","Pembroke",1
"1679","Pep",6
"1680","Pepe",2
"1681","Pepper",2
"1682","Perci",1
"1683","Percy",2
"1684","Perry",2
"1685","Pete",112
"1686","Peter",8
"1687","Petie",1
"1688","Phenomenal",1
"1689","Phil",66
"1690","Philip",3
"1691","Phillippe",1
"1692","Phonney",1
"1693","Pi",1
"1694","Pickles",1
"1695","Pid",1
"1696","Pidge",1
"1697","Pidgey",1
"1698","Pie",1
"1699","Piggy",1
"1700","Pinch",1
"1701","Ping",1
"1702","Pink",1
"1703","Pinky",8
"1704","Pip",1
"1705","Pit",1
"1706","Placido",1
"1707","Podge",1
"1708","Pokey",1
"1709","Pol",1
"1710","Polly",2
"1711","Pony",1
"1712","Pop",12
"1713","Pop-boy",1
"1714","Porfi",1
"1715","Porter",1
"1716","Possum",1
"1717","Preacher",1
"1718","Prentice",1
"1719","Press",1
"1720","Preston",7
"1721","Pretzel",1
"1722","Pretzels",1
"1723","Prince",2
"1724","Pryor",2
"1725","Puchy",1
"1726","Pud",1
"1727","Pug",3
"1728","Pumpsie",1
"1729","Punch",1
"1730","Purnal",1
"1731","Pussy",1
"1732","Putsy",1
"1733","Queenie",1
"1734","Quilvio",1
"1735","Quincy",1
"1736","Quinn",1
"1737","Quintin",1
"1738","Quinton",1
"1739","R C",1
"1740","R. A.",1
"1741","R. J.",3
"1742","Rabbit",5
"1743","Radhames",2
"1744","Rae",1
"1745","Rafael",29
"1746","Rags",1
"1747","Raimel",1
"1748","Raisel",1
"1749","Rajai",1
"1750","Raleigh",1
"1751","Ralph",52
"1752","Ramiro",2
"1753","Ramon",30
"1754","Rance",2
"1755","Randal",1
"1756","Randall",2
"1757","Randor",1
"1758","Randy",54
"1759","Rankin",2
"1760","Rasty",2
"1761","Raudel",1
"1762","Raul",9
"1763","Ravelo",1
"1764","Rawly",1
"1765","Ray",130
"1766","Raymond",1
"1767","Razor",2
"1768","Reb",1
"1769","Rebel",1
"1770","Red",96
"1771","Reddy",3
"1772","Redleg",1
"1773","Reed",1
"1774","Reese",1
"1775","Reeve",1
"1776","Reggie",19
"1777","Regis",1
"1778","Reid",4
"1779","Remy",1
"1780","Ren",3
"1781","Renato",1
"1782","Rene",8
"1783","Renie",1
"1784","Rennie",1
"1785","Reno",1
"1786","Renyel",1
"1787","Reuben",1
"1788","Rex",9
"1789","Rey",5
"1790","Reymond",1
"1791","Reynaldo",2
"1792","Rheal",1
"1793","Rhiner",1
"1794","Rhyne",1
"1795","Ri",1
"1796","Ribs",1
"1797","Ricardo",4
"1798","Riccardo",1
"1799","Rich",53
"1800","Richard",3
"1801","Richie",10
"1802","Rick",70
"1803","Rickey",4
"1804","Rickie",1
"1805","Ricky",17
"1806","Rico",6
"1807","Riggs",1
"1808","Rigo",1
"1809","Rikkert",1
"1810","Rimp",1
"1811","Rinaldo",1
"1812","Rinty",1
"1813","Rio",1
"1814","Rip",15
"1815","Ripper",1
"1816","Rit",1
"1817","Rivington",1
"1818","Rob",37
"1819","Robb",2
"1820","Robbie",7
"1821","Robby",3
"1822","Robert",22
"1823","Roberto",17
"1824","Robin",4
"1825","Robinson",4
"1826","Robinzon",1
"1827","Rocco",1
"1828","Rocky",10
"1829","Rod",20
"1830","Rodney",3
"1831","Rodrigo",2
"1832","Roe",1
"1833","Roenis",1
"1834","Rogelio",2
"1835","Roger",37
"1836","Rogers",1
"1837","Roland",4
"1838","Rolando",2
"1839","Rolla",2
"1840","Rollie",6
"1841","Rollin",1
"1842","Roman",4
"1843","Rome",1
"1844","Rommie",1
"1845","Romulo",1
"1846","Ron",81
"1847","Ronald",2
"1848","Rondell",1
"1849","Rondin",1
"1850","Ronn",1
"1851","Ronnie",1
"1852","Ronny",3
"1853","Rontrez",1
"1854","Rooney",1
"1855","Roosevelt",1
"1856","Roric",1
"1857","Rosario",1
"1858","Roscoe",2
"1859","Rosie",1
"1860","Rosman",1
"1861","Ross",14
"1862","Rosy",1
"1863","Rougned",1
"1864","Rowdy",1
"1865","Rowland",1
"1866","Roxey",1
"1867","Roxie",1
"1868","Roxy",2
"1869","Roy",83
"1870","Roy Lee",1
"1871","Royce",3
"1872","Royle",1
"1873","Rubby",1
"1874","Rube",30
"1875","Ruben",10
"1876","Ruddy",1
"1877","Rudy",24
"1878","Rufe",2
"1879","Rufino",1
"1880","Rufus",2
"1881","Rugger",1
"1882","Runelvys",1
"1883","Rupe",1
"1884","Rupert",1
"1885","Ruppert",1
"1886","Rusney",1
"1887","Russ",33
"1888","Russell",2
"1889","Rusty",14
"1890","Ryan",83
"1891","Rymer",1
"1892","Ryne",2
"1893","Rynie",1
"1894","Ryon",1
"1895","Ryota",1
"1896","Sad Sam",1
"1897","Sadie",2
"1898","Sailor",1
"1899","Sal",9
"1900","Salome",1
"1901","Salomon",1
"1902","Salty",1
"1903","Salvador",1
"1904","Sam",87
"1905","Sammy",15
"1906","Samuel",1
"1907","Sandy",18
"1908","Sang-Hoon",1
"1909","Santiago",5
"1910","Santo",1
"1911","Sap",1
"1912","Sarge",1
"1913","Satchel",1
"1914","Satoru",1
"1915","Saul",2
"1916","Scarborough",1
"1917","Scat",1
"1918","Schoolboy",1
"1919","Scipio",1
"1920","Scoops",1
"1921","Scooter",1
"1922","Scot",2
"1923","Scott",118
"1924","Scotti",1
"1925","Scottie",1
"1926","Scotty",3
"1927","Scrappy",2
"1928","Sean",30
"1929","Sendy",1
"1930","Sergio",7
"1931","Seth",9
"1932","Seung-hwan",1
"1933","Severino",1
"1934","Shad",2
"1935","Shadow",1
"1936","Shae",1
"1937","Shag",2
"1938","Shags",1
"1939","Shairon",1
"1940","Shane",19
"1941","Shannon",3
"1942","Shano",1
"1943","Shanty",1
"1944","Shaun",2
"1945","Shawn",21
"1946","Shawon",1
"1947","Shayne",1
"1948","She",1
"1949","Shea",1
"1950","Shelby",1
"1951","Sheldon",4
"1952","Shelley",1
"1953","Sheriff",1
"1954","Sherm",1
"1955","Sherman",4
"1956","Sherry",3
"1957","Shigetoshi",1
"1958","Shin-Soo",1
"1959","Shingo",1
"1960","Shoeless Joe",1
"1961","Shooty",1
"1962","Shorty",5
"1963","Shovel",1
"1964","Showboat",1
"1965","Si",2
"1966","Sibby",1
"1967","Sid",13
"1968","Sidney",1
"1969","Sig",3
"1970","Sil",1
"1971","Silver",2
"1972","Silvino",1
"1973","Silvio",1
"1974","Sim",1
"1975","Simmy",1
"1976","Simon",3
"1977","Sixto",1
"1978","Skeeter",6
"1979","Skel",1
"1980","Ski",1
"1981","Skinny",3
"1982","Skip",7
"1983","Skipper",2
"1984","Skippy",1
"1985","Skyrocket",1
"1986","Slade",1
"1987","Slats",1
"1988","Sled",1
"1989","Sleeper",1
"1990","Slick",2
"1991","Slicker",1
"1992","Slim",7
"1993","Sloppy",1
"1994","Slow Joe",1
"1995","Smead",1
"1996","Smokey Joe",1
"1997","Smoky",1
"1998","Smoky Joe",1
"1999","Snake",3
"2000","Snapper",1
"2001","Snipe",2
"2002","Snooks",1
"2003","Snuffy",1
"2004","So",1
"2005","Socks",2
"2006","Socrates",1
"2007","Sol",2
"2008","Solly",4
"2009","Sonny",7
"2010","Soup",1
"2011","Spades",1
"2012","Sparky",3
"2013","Sparrow",2
"2014","Spec",2
"2015","Specs",1
"2016","Speed",3
"2017","Spence",1
"2018","Spencer",5
"2019","Spider",3
"2020","Spike",4
"2021","Spoke",1
"2022","Spook",1
"2023","Sport",1
"2024","Spud",3
"2025","Squanto",1
"2026","Squire",1
"2027","Squiz",1
"2028","Stacy",1
"2029","Stan",41
"2030","Starlin",1
"2031","Starling",1
"2032","Steamboat",2
"2033","Steamer",1
"2034","Stefan",1
"2035","Stefen",1
"2036","Stephen",9
"2037","Sterling",2
"2038","Steve",196
"2039","Steven",13
"2040","Stew",4
"2041","Stolmy",1
"2042","Stoney",1
"2043","Storm",1
"2044","Stover",1
"2045","Strick",1
"2046","Stu",9
"2047","Stub",2
"2048","Stubby",3
"2049","Studs",1
"2050","Stuffy",2
"2051","Stump",3
"2052","Suds",1
"2053","Sugar",1
"2054","Sugar Ray",1
"2055","Sumner",1
"2056","Sumpter",1
"2057","Sun",1
"2058","Sun-Woo",1
"2059","Suter",1
"2060","Swat",1
"2061","Swede",3
"2062","Sweetbread",1
"2063","Sy",3
"2064","Syd",3
"2065","Syl",2
"2066","T. J.",7
"2067","T. R.",1
"2068","Tack",1
"2069","Tacks",2
"2070","Tad",1
"2071","Tadahito",1
"2072","Taffy",1
"2073","Taijuan",1
"2074","Takahito",1
"2075","Takashi",2
"2076","Talmadge",1
"2077","Tanner",2
"2078","Tanyon",1
"2079","Tarrik",1
"2080","Tavo",1
"2081","Taylor",15
"2082","Tayron",1
"2083","Ted",53
"2084","Teddy",2
"2085","Teoscar",1
"2086","Terrance",1
"2087","Terrell",2
"2088","Terrence",1
"2089","Terrmel",1
"2090","Terry",49
"2091","Tex",17
"2092","Thad",3
"2093","The Only",1
"2094","Theodore",1
"2095","Thomas",13
"2096","Thornton",2
"2097","Thorny",1
"2098","Thurman",2
"2099","Tige",1
"2100","Tike",1
"2101","Tillie",2
"2102","Tilson",1
"2103","Tim",95
"2104","Timo",1
"2105","Timothy",1
"2106","Tink",2
"2107","Tino",1
"2108","Tinsley",1
"2109","Tiny",4
"2110","Tip",2
"2111","Tippy",1
"2112","Tito",4
"2113","Toad",1
"2114","Tobi",1
"2115","Toby",6
"2116","Tod",4
"2117","Todd",34
"2118","Togie",1
"2119","Tom",280
"2120","Tomas",3
"2121","Tommie",4
"2122","Tommy",78
"2123","Tomo",1
"2124","Tony",106
"2125","Tookie",1
"2126","Toots",2
"2127","Topper",1
"2128","Topsy",1
"2129","Torey",1
"2130","Torii",1
"2131","Toru",1
"2132","Tot",1
"2133","Trace",1
"2134","Tracy",4
"2135","Trader",1
"2136","Travis",27
"2137","Trayce",1
"2138","Trayvon",1
"2139","Trea",1
"2140","Trench",1
"2141","Trent",3
"2142","Trever",1
"2143","Trevor",14
"2144","Trey",6
"2145","Trick",1
"2146","Tricky",1
"2147","Tripp",2
"2148","Tris",1
"2149","Trot",1
"2150","Troy",12
"2151","Truck",2
"2152","Trystan",1
"2153","Tsuyoshi",3
"2154","Tub",1
"2155","Tubby",1
"2156","Tuck",2
"2157","Tucker",2
"2158","Tuffy",3
"2159","Tug",5
"2160","Tully",1
"2161","Tun",1
"2162","Turk",3
"2163","Turkey",3
"2164","Turner",2
"2165","Twink",1
"2166","Ty",13
"2167","Tyler",36
"2168","Tyrell",2
"2169","Tyson",2
"2170","U. L.",1
"2171","Ubaldo",2
"2172","Uel",1
"2173","Ugueth",1
"2174","Uke",1
"2175","Urban",1
"2176","Urbane",1
"2177","Urbano",1
"2178","Vada",1
"2179","Val",5
"2180","Valerio",1
"2181","Vallie",1
"2182","Valmy",1
"2183","Van",4
"2184","Vance",8
"2185","Varney",1
"2186","Vaughn",1
"2187","Vean",1
"2188","Vedie",1
"2189","Verdo",1
"2190","Verle",1
"2191","Vern",19
"2192","Verne",1
"2193","Vernon",1
"2194","Vic",23
"2195","Vicente",5
"2196","Victor",12
"2197","Vida",1
"2198","Vidal",1
"2199","Vin",2
"2200","Vince",15
"2201","Vincent",1
"2202","Vinegar Bend",1
"2203","Vinnie",3
"2204","Vinny",2
"2205","Virgil",6
"2206","Vito",2
"2207","Vive",1
"2208","Vladimir",2
"2209","Von",3
"2210","Waddy",1
"2211","Wade",9
"2212","Waite",1
"2213","Waldis",1
"2214","Walker",2
"2215","Wallace",1
"2216","Wally",39
"2217","Walt",50
"2218","Walter",35
"2219","Walton",1
"2220","Wandy",2
"2221","War",1
"2222","Ward",1
"2223","Warner",1
"2224","Warren",15
"2225","Warwick",1
"2226","Wascar",1
"2227","Wash",1
"2228","Washington",1
"2229","Watch",1
"2230","Wattie",1
"2231","Watty",2
"2232","Wayland",1
"2233","Wayne",28
"2234","Webb",1
"2235","Webbo",1
"2236","Webster",1
"2237","Wedo",1
"2238","Wei-Chung",1
"2239","Wei-Yin",1
"2240","Welcome",1
"2241","Welday",1
"2242","Weldon",3
"2243","Welington",1
"2244","Wendell",1
"2245","Wenty",1
"2246","Wes",19
"2247","Wese",1
"2248","Wesley",1
"2249","Whammy",1
"2250","Wheezer",1
"2251","Whit",2
"2252","Whitey",18
"2253","Wib",1
"2254","Wickey",1
"2255","Wid",2
"2256","Wiki",1
"2257","Wil",5
"2258","Wilbert",1
"2259","Wilbur",6
"2260","Wilcy",1
"2261","Wild Bill",2
"2262","Wiley",4
"2263","Wilfredo",4
"2264","Wilin",1
"2265","Wilkin",3
"2266","Wilking",1
"2267","Will",20
"2268","Willard",7
"2269","William",31
"2270","Williams",1
"2271","Willie",51
"2272","Willis",4
"2273","Willson",1
"2274","Willy",5
"2275","Wilmer",3
"2276","Wilson",7
"2277","Wilton",3
"2278","Wily",1
"2279","Wily Mo",1
"2280","Wimpy",1
"2281","Win",6
"2282","Windy",1
"2283","Wingo",1
"2284","Winston",2
"2285","Wish",1
"2286","Wladimir",1
"2287","Woodie",2
"2288","Woody",13
"2289","Wyatt",1
"2290","Wyman",1
"2291","Wynn",1
"2292","Xander",1
"2293","Xavier",7
"2294","Yadiel",1
"2295","Yadier",1
"2296","Yale",1
"2297","Yam",1
"2298","Yamaico",1
"2299","Yamid",1
"2300","Yamil",1
"2301","Yan",1
"2302","Yangervis",1
"2303","Yank",2
"2304","Yasiel",1
"2305","Yasmani",1
"2306","Yasmany",1
"2307","Yasuhiko",1
"2308","Yats",1
"2309","Yefri",1
"2310","Yhency",1
"2311","Yhonathan",1
"2312","Yimi",1
"2313","Yip",1
"2314","Yo-Yo",1
"2315","Yoan",1
"2316","Yoel",1
"2317","Yoenis",1
"2318","Yoervis",1
"2319","Yogi",1
"2320","Yohan",2
"2321","Yohander",1
"2322","Yohanny",1
"2323","Yonder",1
"2324","Yordano",1
"2325","Yorkis",1
"2326","Yorman",2
"2327","Yorvit",1
"2328","Yoshinori",1
"2329","Yoslan",1
"2330","Youngy",1
"2331","Yovani",1
"2332","Yovanny",1
"2333","Yu",1
"2334","Yulieski",1
"2335","Yunel",1
"2336","Yunesky",1
"2337","Yuniesky",1
"2338","Yurendell",1
"2339","Yusmeiro",1
"2340","Z. H.",1
"2341","Zac",2
"2342","Zach",23
"2343","Zack",6
"2344","Zak",1
"2345","Zane",1
"2346","Zaza",1
"2347","Zeb",2
"2348","Zeke",5
"2349","Zelous",1
"2350","Ziggy",1
"2351","Zinn",1
"2352","Zip",2
"2353","Zoilo",2
